INSERT INTO "Engines"(
    "Id", "Name", "FuelType", "Horsepower", "EngineCapacity")
VALUES
('3a8f6227-8c3f-4b0a-a2c8-3c4e4c570ef0', 'Volkswagen 1.0 TSI', 'Gasoline', 115, 1000),
('5e423ec1-7d77-4f39-a815-4d51c9941b88', 'Volkswagen 2.0 TDI', 'Diesel', 150, 2000),
('da0ae4b8-18b3-482a-bd85-7757262c8331', 'Volkswagen 1.5 TSI', 'Gasoline', 150, 1500),
('9b135501-5411-4679-9e33-4398b6ff3f95', 'Volkswagen 1.4 TSI eHybrid', 'Hybrid', 204, 1400),
('8a6a5b72-3ef7-4a9a-a145-f682bd4698cf', 'Volkswagen 2.0 TSI', 'Gasoline', 320, 2000),
('fc7f1081-56c0-4c48-bdbd-5e10f3486f3d', 'Volkswagen ID.3 Pro', 'Electric', 204, 0),
('5ae7d48d-0d10-48cf-942b-36d02080e59e', 'Toyota 1.8 Hybrid', 'Hybrid', 122, 1800),
('3e3f9c02-d7fa-4bfa-a5bc-682c0ecbd2a5', 'Toyota 2.0 Hybrid Dynamic Force', 'Hybrid', 184, 2000),
('761aead3-6fa8-44cf-99f7-25d135c9e6a1', 'Toyota 1.2 Turbo', 'Gasoline', 116, 1200),
('46d84e0c-6e10-4a17-9c8d-21f907a91d26', 'Toyota 2.8 D-4D', 'Diesel', 204, 2800),
('1c54b92d-9b11-4b2d-b49f-d8a44e4d3282', 'Ford 1.0 EcoBoost', 'Gasoline', 125, 1000),
('e5a2341a-8c76-4e53-8c9b-06c431c1ef7c', 'Ford 1.5 EcoBlue', 'Diesel', 120, 1500),
('3e0c7d96-2dd3-4fc5-84b6-4f1a5f5f0455', 'Ford 2.0 EcoBlue', 'Diesel', 190, 2000),
('3af1542e-e7d0-44bb-9238-ea502f5d83e5', 'Ford 2.3 EcoBoost', 'Gasoline', 280, 2300),
('ed10e1d8-490e-41ff-81d3-d845ad965231', 'Ford Mustang Mach-E', 'Electric', 258, 0),
('3c50c4c4-bf62-4ab2-a9eb-1e12015b7fc1', 'BMW 116i', 'Gasoline', 109, 1500),
('00dd0d5e-f118-4511-b7d2-265b34e31bdf', 'BMW 120d', 'Diesel', 190, 2000),
('6ed9e00e-b22d-4b70-bb47-7812eae1f9be', 'BMW 330e', 'Hybrid', 292, 2000),
('2a6fbc72-68d5-4f8a-a0f6-008ab54b6573', 'BMW 320i', 'Gasoline', 184, 2000),
('aa39f5c2-2346-4535-b9e0-bf5f12680db3', 'BMW i3', 'Electric', 170, 0),
('e3f0020a-5f50-4a32-aea2-9d975d5193f1', 'Mercedes-Benz A180', 'Gasoline', 136, 1300),
('e09ddf12-1a4d-448b-8b9b-594352c8b9bc', 'Mercedes-Benz A200d', 'Diesel', 150, 2000),
('8ba2f46f-289b-4ff3-b85a-d1fbbd07e46b', 'Mercedes-Benz C300e', 'Hybrid', 320, 2000),
('8ddcb8f6-bb7e-4e98-a15e-fd3d0d292f5e', 'Mercedes-Benz GLC 300', 'Gasoline', 258, 2000),
('437d6b92-0fe5-40ad-8090-0982b93e64e7', 'Mercedes-Benz EQC 400', 'Electric', 408, 0),
('09b6a94a-3dc0-45f3-98db-d76f9b058b34', 'Skoda 1.0 TSI', 'Gasoline', 110, 1000),
('17cf64ba-4ff8-43e3-949f-e678b326c5e2', 'Skoda 2.0 TDI', 'Diesel', 150, 2000),
('ce4e568d-83b2-4959-97b6-05761b4934ed', 'Skoda 1.5 TSI', 'Gasoline', 150, 1500),
('6b324493-20da-41c5-a06a-19103b83e9ec', 'Skoda 1.4 TSI iV', 'Hybrid', 218, 1400),
('1cf4e6cf-79e5-46b3-8136-62b7b029b508', 'Skoda Enyaq iV', 'Electric', 204, 0),
('3ed8cde4-6fd8-4393-b0ab-89f02a2b5e0a', 'Audi 1.4 TFSI', 'Gasoline', 150, 1400),
('2126da9f-e929-4bc6-a028-dc53c8e970e0', 'Audi 2.0 TDI', 'Diesel', 190, 2000),
('67fa22f4-5938-4c7e-927a-128a66b47f67', 'Audi 3.0 TDI', 'Diesel', 286, 3000),
('67d07304-b4e3-41c3-8021-e65a726e103d', 'Audi e-tron', 'Electric', 408, 0),
('7cf853cc-0d9e-48ae-b9a4-df94df03346e', 'Audi 2.5 TFSI', 'Gasoline', 400, 2500),
('5e5bc06a-e022-4a96-b7db-499ef63d2517', 'Peugeot 1.2 PureTech', 'Gasoline', 130, 1200),
('0e7bb7e7-bdbb-44ea-a139-3cc56eec255f', 'Peugeot 1.5 BlueHDi', 'Diesel', 130, 1500),
('fdf28970-2789-456d-9d76-5620e3e56a3e', 'Peugeot 2.0 BlueHDi', 'Diesel', 180, 2000),
('715014d1-b3f1-4d36-a9a7-ea5c3d3a2ae5', 'Peugeot 3008 Hybrid4', 'Hybrid', 300, 1600),
('a36de59d-01a6-490a-b946-e14f5cdb9d7c', 'Peugeot e-208', 'Electric', 136, 0),
('7f73934e-c3f7-4ba4-a69b-c6c466fd1490', 'Renault 1.0 TCe', 'Gasoline', 100, 1000),
('be3ce0d2-e3d6-42ff-8a5b-4c78e539450e', 'Renault 1.5 Blue dCi', 'Diesel', 115, 1500),
('78eea56a-4148-4ed8-93ff-54bc22c06295', 'Renault 1.6 E-Tech Plug-In Hybrid', 'Hybrid', 160, 1600),
('9e43db58-fc64-438f-80af-bd4481b37367', 'Renault Megane E-Tech', 'Electric', 220, 0),
('073b1c39-6693-4b5c-b93b-44e2cf96a688', 'Renault 2.0 Blue dCi', 'Diesel', 200, 2000),
('15bfa830-2b00-4932-9b1e-f40e17f5b474', 'Volvo B4 Mild Hybrid', 'Hybrid', 197, 2000),
('fbbd11f7-409f-4878-b881-1546adfa4b68', 'Volvo B5 Mild Hybrid', 'Hybrid', 250, 2000),
('f4dece01-7087-4b28-b961-5b06f4b3c1ee', 'Volvo XC40 Recharge', 'Electric', 231, 0),
('8c682f88-bc22-4ff7-b902-0ce6973ff891', 'Volvo T5 Twin Engine', 'Hybrid', 262, 1500),
('80e5c28f-8eac-4667-b120-3b1eeb0d94e0', 'Volvo D4', 'Diesel', 190, 2000),
('0c7fc947-bff8-466e-84b0-8f74c7ed98be', 'Hyundai 1.0 T-GDi', 'Gasoline', 120, 1000),
('f2c9e5ee-02f8-4689-a5cf-d7f34cf991c4', 'Hyundai 1.6 CRDi', 'Diesel', 136, 1600),
('e5e02d62-b0b7-42f6-8d1e-d75c937c2170', 'Hyundai Ioniq 5', 'Electric', 305, 0),
('a0e579cb-b4e0-4417-b69a-e8f76fe61550', 'Hyundai 1.6 T-GDi Hybrid', 'Hybrid', 230, 1600),
('17bdf76d-8ff0-46df-8468-c85553c43cf8', 'Kia 1.0 T-GDi', 'Gasoline', 120, 1000),
('b2f01d23-f600-4110-b715-517f8b869e6b', 'Kia 1.6 CRDi', 'Diesel', 136, 1600),
('aa07b317-6000-4031-b0f0-e0b68fe60ae6', 'Kia e-Niro', 'Electric', 204, 0),
('e4f64b6c-b218-4b22-8705-dae7bc20f62f', 'Kia 1.6 T-GDi PHEV', 'Hybrid', 265, 1600),
('5c6f7b23-ff77-44ba-9b78-50b0e4e5b54c', 'Nissan 1.0 IG-T', 'Gasoline', 100, 1000),
('b28b81ec-637d-4533-9c1e-f88dd706a4ff', 'Nissan 1.5 dCi', 'Diesel', 115, 1500),
('1eaa2853-0a4c-473b-b1d6-9b3735a35f58', 'Nissan Leaf', 'Electric', 150, 0),
('55baaa6f-7751-43ee-b2b3-d82b46217079', 'Nissan Qashqai e-Power', 'Hybrid', 190, 1500),
('b251b7c5-5b5a-4b4a-a399-b1f8fe90c1e6', 'Fiat 1.0 FireFly', 'Gasoline', 100, 1000),
('2910df60-5166-4ef8-9421-1d2c84b5be28', 'Fiat 1.3 Multijet', 'Diesel', 95, 1300),
('bc19a372-dc3e-4a7e-bb34-0a0f5b5b5155', 'Fiat 500e', 'Electric', 118, 0),
('4ba95b48-4bb1-4f84-97da-1977487fc103', 'Fiat 1.5 Hybrid', 'Hybrid', 130, 1500),
('bf78c666-60b3-4d63-850a-b7d6bb99c324', 'Opel 1.2 Turbo', 'Gasoline', 130, 1200),
('669ea80c-c244-4f1d-8748-c20f29aa6159', 'Opel 1.5 Diesel', 'Diesel', 130, 1500),
('a87c8e2d-5f3e-450d-b19d-cb5996d7f92e', 'Opel Corsa-e', 'Electric', 136, 0),
('2787ef7c-3e1b-4f0a-9b88-f7cda20e1e4d', 'Opel Grandland X Hybrid', 'Hybrid', 224, 1600),
('83c839a6-cb1d-40ae-bb93-84b438ad58cc', 'Mini Cooper 1.5', 'Gasoline', 136, 1500),
('ee2e5b35-2b1b-4cf4-8152-0ba3e241afef', 'Mini Cooper S 2.0', 'Gasoline', 192, 2000),
('f5085a27-7db5-442a-815f-779d2688d3e3', 'Mini Cooper SE', 'Electric', 184, 0),
('00928342-66d0-41c7-96ae-dfa2cf0d2723', 'Mini Countryman Plug-in Hybrid', 'Hybrid', 224, 1500),
('d440d03e-5e9e-405f-bff4-973f3da3176d', 'Mazda Skyactiv-G 2.0', 'Gasoline', 165, 2000),
('f4f7c8ec-4bdf-4a90-816d-1664c91c6a6f', 'Mazda Skyactiv-D 2.2', 'Diesel', 184, 2200),
('295daba1-ff47-45ea-91a7-7f2bc29234ef', 'Mazda MX-30', 'Electric', 145, 0),
('9272978f-0b5f-45e2-b742-b87278f7f890', 'Mazda Skyactiv-X 2.0', 'Hybrid', 180, 2000),
('307f3f29-b25a-4f1a-b08e-485ae992a3ac', 'Jaguar Ingenium 2.0', 'Gasoline', 300, 2000),
('f29df391-15de-4ff3-a425-0591e4fc468e', 'Jaguar Ingenium 2.0 Diesel', 'Diesel', 204, 2000),
('dc0322a8-ef25-4c3e-b89e-7d82f7cf2795', 'Jaguar I-Pace', 'Electric', 400, 0),
('4df82a7c-15ee-4147-a4c0-1585da1a29cf', 'Jaguar F-Pace Plug-in Hybrid', 'Hybrid', 404, 2000),
('8c0dbe49-49b8-4c39-bd65-2b93822b7e89', 'Land Rover Ingenium 2.0', 'Gasoline', 250, 2000),
('172ab0d8-b05d-460d-bcf8-8c48b85ac262', 'Land Rover Ingenium 2.0 Diesel', 'Diesel', 240, 2000),
('b9c5ab29-7d2a-4398-bda2-21c10b7760cf', 'Land Rover Defender P400e', 'Hybrid', 404, 2000),
('de07347b-1cf1-4af9-a85b-e2c6a629df91', 'Land Rover Discovery Sport P300e', 'Hybrid', 309, 1500),
('97966c5c-889f-4a5a-876d-69b267505319', 'Seat 1.0 TSI', 'Gasoline', 110, 1000),
('506b3753-bc37-4382-95db-d5e489d872e1', 'Seat 2.0 TDI', 'Diesel', 150, 2000),
('bbf64a11-34ea-4dc1-9a99-9ad19ad7e711', 'Seat 1.5 TSI', 'Gasoline', 150, 1500),
('c9786ff2-30a0-47c3-9e7c-23c30ae5bb0e', 'Seat Leon e-Hybrid', 'Hybrid', 204, 1400),
('a4c1dfe4-8a14-40dc-9334-1a5d7dc5af20', 'Seat Mii Electric', 'Electric', 83, 0),
('afef86c3-72ef-4703-b291-f5d11b99ae1b', 'Cupra 2.0 TSI', 'Gasoline', 300, 2000),
('49d9641b-25a2-4e44-b6e0-8d5a5b9c2444', 'Cupra 1.4 e-Hybrid', 'Hybrid', 245, 1400),
('1e1b788f-7076-4e48-b37e-b2f07b10b282', 'Cupra Born', 'Electric', 231, 0),
('75022637-88ea-432a-a1e8-25b4f5e2784e', 'Alfa Romeo 2.0 GME T4', 'Gasoline', 280, 2000),
('3f196aa1-8580-42f3-baf3-d4e79f2f6fe1', 'Alfa Romeo 2.2 Diesel', 'Diesel', 210, 2200),
('10b7a8b8-c3a6-4a44-a45e-df948ef00a0f', 'Alfa Romeo Tonale Plug-In Hybrid', 'Hybrid', 275, 1300),
('86a9078c-62d2-4a47-8475-2b364b23113b', 'Alfa Romeo Giulietta Veloce', 'Gasoline', 240, 1750),
('a0e7f9a1-e967-455e-b153-05c8feac54ed', 'Suzuki 1.0 Boosterjet', 'Gasoline', 111, 1000),
('8320551b-3606-4810-b2cc-7b62a88b1b8d', 'Suzuki 1.4 Boosterjet Hybrid', 'Hybrid', 140, 1400),
('7a679f16-0026-47ae-8263-bd1fe8c0fa50', 'Suzuki 1.5 DualJet Hybrid', 'Hybrid', 116, 1500),
('adf84919-8f92-4ef9-bbbc-c4d0b71b20cc', 'Suzuki Vitara 1.4 Hybrid', 'Hybrid', 129, 1400),
('ba4a81cc-8e40-4d20-8f26-b2a25a726c09', 'Mitsubishi 2.4 MIVEC Plug-In Hybrid', 'Hybrid', 224, 2400),
('40718464-5f7f-4e25-8e20-94d453d69d57', 'Mitsubishi Outlander PHEV', 'Hybrid', 224, 2400),
('e112ea9e-1c63-4c41-83bc-cc8910c7b8a0', 'Mitsubishi 2.2 DI-D', 'Diesel', 150, 2200),
('ef54ed38-996f-4402-a5b6-55d5f90b26fc', 'Mitsubishi 1.5 Turbo', 'Gasoline', 163, 1500),
('0db71ecf-fd1a-4880-9505-410ee816b3b7', 'Subaru 2.0 e-Boxer', 'Hybrid', 150, 2000),
('f5172a44-502f-491e-8f69-23a1068058e7', 'Subaru 2.5 Boxer', 'Gasoline', 185, 2500),
('08e54e17-4189-45d2-b5f6-cbfa06025089', 'Subaru 1.6 Boxer', 'Gasoline', 114, 1600),
('c01e4138-1f3f-4264-a38b-02b9e1605a20', 'Subaru Solterra', 'Electric', 218, 0),
('231f3010-3387-4bb3-8e12-6f3e4e5e331f', 'Tesla Model 3 Standard Range Plus', 'Electric', 283, 0),
('2d7b2d66-2755-48e8-96d7-d96a024bc8ea', 'Tesla Model S Long Range', 'Electric', 670, 0),
('13b1199e-cf68-442f-86e8-9d248f6f97b5', 'Tesla Model X Plaid', 'Electric', 1020, 0),
('c91cc0d2-ffcf-42e1-94c4-d167f49dc0ab', 'Tesla Model Y Long Range', 'Electric', 514, 0),
('8be55e92-5aef-47f3-80b2-6c26a9f0e062', 'Polestar 2 Long Range Dual Motor', 'Electric', 408, 0),
('8d6fd64b-1df4-44c6-9937-2dfe2ad1de83', 'Polestar 2 Standard Range Single Motor', 'Electric', 231, 0),
('1884d374-bad6-4c67-8015-59dbfa9f5cf5', 'Polestar 1', 'Hybrid', 609, 2000),
('6801e091-635f-408f-b4ab-90de95ab4fc5', 'Porsche 911 Carrera', 'Gasoline', 385, 3000),
('e2cb66a1-9db6-4f37-8c68-e91a06451dc2', 'Porsche Taycan 4S', 'Electric', 530, 0),
('64b676de-85e2-4af1-80d0-6feae20d2304', 'Porsche Cayenne E-Hybrid', 'Hybrid', 462, 3000),
('0af19c62-8f27-453a-90ea-d0e1a5ed2d0c', 'Porsche Panamera 4 E-Hybrid', 'Hybrid', 462, 2900),
('bb15ae16-2b62-441f-b546-b6765efb4252', 'Lamborghini Huracan EVO', 'Gasoline', 640, 5200),
('4f3129e0-e6bb-43b6-846b-fd0ff132d68e', 'Lamborghini Urus', 'Gasoline', 650, 4000),
('d97b1f31-61ae-4b69-8c24-02c826d20a16', 'Ferrari SF90 Stradale', 'Hybrid', 1000, 4000),
('fa1302b6-3f2b-4d2b-99c5-15a6d46c97db', 'Ferrari 812 Superfast', 'Gasoline', 800, 6500),
('0b29b7b2-4781-4781-a0cc-75860b2f3140', 'Aston Martin V8 Vantage', 'Gasoline', 510, 4000),
('0c02b92b-986a-4641-a72d-54b9a154a39e', 'Aston Martin DBX', 'Gasoline', 550, 4000),
('71f85062-3e15-4b0d-8894-c63031fa5cd1', 'Bentley Bentayga V8', 'Gasoline', 550, 4000),
('baab9b06-83d0-49aa-8a2e-e47667ff8fa4', 'Bentley Flying Spur Hybrid', 'Hybrid', 544, 2900),
('a0b9ebde-9c5d-4a22-96d3-188d257030b5', 'Rolls-Royce Ghost', 'Gasoline', 571, 6750),
('f47d71c5-2847-48d1-90de-127b898d91d2', 'Rolls-Royce Phantom', 'Gasoline', 571, 6750),
('8e54a368-6a92-48b8-8243-51b40e576850', 'Rolls-Royce Spectre', 'Electric', 585, 0),
('40ec5354-b126-4684-a0e1-e63ebd9dfba3', 'Bugatti Chiron', 'Gasoline', 1500, 8000),
('3d236e8a-117b-439f-8042-878f331cdb50', 'Rivian R1T', 'Electric', 835, 0),
('84bb0015-c03e-4c25-a6be-f0cfcd22b5b6', 'Rivian R1S', 'Electric', 835, 0),
('f127cb82-3e55-4a92-9eaf-bab0f5307a89', 'Lucid Air', 'Electric', 1111, 0);

INSERT INTO "AspNetUsers" (
    "Id", "UserName", "NormalizedUserName", "Email", "NormalizedEmail", "EmailConfirmed", 
    "PhoneNumber", "PhoneNumberConfirmed", "FirstName", "LastName", "SecurityStamp", "PasswordHash", 
    "TwoFactorEnabled", "LockoutEnabled", "AccessFailedCount"
) VALUES 
('3b67a3ea-d965-45eb-bb12-6e47426b6c43', 'user1@user', 'USER1@USER', 'user1@user', 'USER1@USER', false, 
 '1234567891', true, 'User1', 'One', 'bfbbbf19-d75c-4c85-89cf-5d7f378b03d0', '$2y$12$YH.M/U3gfQxZnVRb8a5ZseO6iX3/XtnbYwhl5L.tLUPA6zjvjFss6', 
 false, true, 0),
('6cfb5f70-8235-4b8a-8db0-268cbe9d431f', 'user2@user', 'USER2@USER', 'user2@user', 'USER2@USER', false, 
 '1234567892', true, 'User2', 'Two', 'a7c8b5db-8d02-44d6-ae09-1a046b59ea38', '$2y$12$YH.M/U3gfQxZnVRb8a5ZseO6iX3/XtnbYwhl5L.tLUPA6zjvjFss6', 
 false, true, 0),
('a4d62d85-b453-4a72-9264-fdbd45697eb4', 'user3@user', 'USER3@USER', 'user3@user', 'USER3@USER', false, 
 '1234567893', true, 'User3', 'Three', 'c7805d39-d051-4f3c-8598-254b3eddd5d3', '$2y$12$YH.M/U3gfQxZnVRb8a5ZseO6iX3/XtnbYwhl5L.tLUPA6zjvjFss6', 
 false, true, 0),
('b5b4d9cf-5cb7-43c1-ae2b-04c65d828d18', 'user4@user', 'USER4@USER', 'user4@user', 'USER4@USER', false, 
 '1234567894', true, 'User4', 'Four', 'bd0122a8-b6d5-4d2a-8a6f-77b8fc65c17b', '$2y$12$YH.M/U3gfQxZnVRb8a5ZseO6iX3/XtnbYwhl5L.tLUPA6zjvjFss6', 
 false, true, 0),
('8e724bf6-e6b0-41f4-b4ef-8f2061a09887', 'user5@user', 'USER5@USER', 'user5@user', 'USER5@USER', false, 
 '1234567895', true, 'User5', 'Five', '4d1e7a0c-5c25-4846-9d3a-0176e2ae3c3f', '$2y$12$YH.M/U3gfQxZnVRb8a5ZseO6iX3/XtnbYwhl5L.tLUPA6zjvjFss6', 
 false, true, 0);

-- Variables for user data
INSERT INTO "AspNetUserRoles"("UserId", "RoleId")
SELECT u."Id", r."Id"
FROM "AspNetUsers" u
JOIN "AspNetRoles" r ON r."Name" = 'USER'
WHERE u."Id" IN (
    '3b67a3ea-d965-45eb-bb12-6e47426b6c43',
    '6cfb5f70-8235-4b8a-8db0-268cbe9d431f',
    'a4d62d85-b453-4a72-9264-fdbd45697eb4',
    'b5b4d9cf-5cb7-43c1-ae2b-04c65d828d18',
    '8e724bf6-e6b0-41f4-b4ef-8f2061a09887'
);

INSERT INTO "Bodies"(
    "Id", "DoorCount", "SeatCount", "DrivetrainType", "ACType", "Color", "BodyShape")
VALUES 
('1e92a733-40b8-4f3b-874d-210f7b829e60', 4, 5, 'FWD', 'Manual', 'Red', 'Sedan'),
('2b67a4c8-119d-4be2-bb1c-4df1cc98a9fa', 2, 2, 'RWD', 'Automatic', 'Blue', 'Coupe'),
('3a2cb9a3-5421-4784-9500-f9b3739d7d64', 5, 7, 'AWD', 'None', 'Green', 'SUV'),
('5e4b826b-3477-4c99-b087-9f1a19d1f3f2', 4, 5, 'FWD', 'Automatic', 'Black', 'Wagon'),
('7d2c947d-4e93-4b43-8e39-5e2fb0e56d2e', 3, 5, 'RWD', 'Manual', 'White', 'Hatchback'),
('8b3dca32-7a1d-4cbf-812b-3c5e7f55f7cb', 2, 4, 'AWD', 'Manual', 'Silver', 'Convertible'),
('4b3d2a53-1ab2-4e96-8900-bd38cbfa635f', 4, 8, 'FWD', 'Automatic', 'Gray', 'Van'),
('9a3eb8e6-d8cb-47f3-8fbc-c2a7a09f5fb4', 2, 2, 'RWD', 'None', 'Yellow', 'Pickup'),
('ae4d9c6f-1944-4d2f-908f-c6b2a1ef5d80', 4, 5, 'AWD', 'Automatic', 'Blue', 'Sedan'),
('bd59a212-86c6-45bc-8888-3db7e2e5e7af', 3, 4, 'FWD', 'None', 'Green', 'Coupe'),
('cb67dbb3-1f96-4e41-8a5d-94b3a2b9e8fa', 5, 7, 'RWD', 'Manual', 'Black', 'SUV'),
('df78e3e4-0b4e-4a8d-9d6e-8a4c5bb8d8d7', 4, 5, 'AWD', 'Automatic', 'White', 'Wagon'),
('ef82e5f5-2b5d-482e-9f6b-9b5b2b4c2c9f', 3, 5, 'FWD', 'None', 'Red', 'Hatchback'),
('fa91f8c6-3b6f-4e3f-9b7b-8b7e2b4d2c9b', 2, 4, 'RWD', 'Manual', 'Blue', 'Convertible'),
('0b93e9c7-4b6b-4e3f-8b8b-9b8e3b4d2e9d', 4, 8, 'AWD', 'Automatic', 'Gray', 'Van'),
('1b94a2d8-5b7b-5e4f-9b9c-8c8f3b5d2d9f', 2, 2, 'FWD', 'None', 'Yellow', 'Pickup'),
('2c95b3e9-6b8b-6e5f-8c9d-8d8f4b6d2e9f', 4, 5, 'RWD', 'Manual', 'Silver', 'Sedan'),
('3d96c4f0-7b9b-7e6f-9d8e-8e8f5b7e3f9f', 3, 4, 'AWD', 'Automatic', 'Black', 'Coupe'),
('4e97d501-8b9b-8e7f-8d9e-9f9f6c8f4f9f', 5, 7, 'FWD', 'Manual', 'Green', 'SUV'),
('5f98e612-9b9c-9e8f-9e8e-9f9e7d9f5g9f', 4, 5, 'RWD', 'None', 'White', 'Wagon'),
('6a99f723-ab9c-ae9f-ae8e-af8f8e9e6g9f', 3, 5, 'AWD', 'Automatic', 'Red', 'Hatchback'),
('7ba0a834-bb9d-beaf-be9e-bf9e8f9e7h9f', 2, 4, 'FWD', 'Manual', 'Blue', 'Convertible'),
('8c9b8a45-cb9e-cebf-ceaf-cf9f9e9e8i9f', 4, 8, 'RWD', 'None', 'Gray', 'Van'),
('9d9b9a56-db9f-decf-debf-df9f9f9f9j9f', 2, 2, 'AWD', 'Automatic', 'Yellow', 'Pickup'),
('ae9ba667-ebaf-efdf-efcf-ef9f9f9f9k9f', 4, 5, 'FWD', 'Manual', 'Silver', 'Sedan'),
('bf9cb778-fbb0-ffef-ffdf-ff9f9f9f9l9f', 3, 4, 'RWD', 'Automatic', 'Black', 'Coupe'),
('cf9db889-0bb1-0f0f-0fef-0f9f9f9f9m9f', 5, 7, 'AWD', 'None', 'Green', 'SUV'),
('df9eb99a-1bc2-1f1f-1f0f-1f9f9f9f9n9f', 4, 5, 'FWD', 'Automatic', 'White', 'Wagon'),
('ef9fc0ab-2cd3-2f2f-2f1f-2f9f9f9f9o9f', 3, 5, 'RWD', 'None', 'Red', 'Hatchback'),
('ff9ed1bc-3de4-3f3f-3f2f-3f9f9f9f9p9f', 2, 4, 'AWD', 'Manual', 'Blue', 'Convertible');

INSERT INTO "Vehicles"(
    "Id", "Brand", "Model", "ManufacturingYear", "RegistrationUntil", "Kilometers", "NumberOfPreviousOwners", "ShifterType", "GearCount", "AverageConsumption", "EngineId", "BodyId")
VALUES 
('fa23bc87-4d72-49f1-b24a-b6e28e0c12a5', 'VW', 'Golf', 2022, '2026-07-31', 15000, 1, 'Manual', 6, 5.5, '3a8f6227-8c3f-4b0a-a2c8-3c4e4c570ef0', '1e92a733-40b8-4f3b-874d-210f7b829e60'),
('fd91ba9d-8c25-4014-8a36-ead362327cc2', 'VW', 'Passat', 2021, '2025-05-15', 30000, 2, 'Automatic', 8, 6.0, '5e423ec1-7d77-4f39-a815-4d51c9941b88', '2b67a4c8-119d-4be2-bb1c-4df1cc98a9fa'),
('fc0f2a18-fd02-456b-9200-96067ecf07ff', 'VW', 'Tiguan', 2023, '2027-11-10', 10000, 1, 'Manual', 6, 5.8, 'da0ae4b8-18b3-482a-bd85-7757262c8331', '3a2cb9a3-5421-4784-9500-f9b3739d7d64'),
('bf7eb2c8-2784-4118-906b-9b0e9a4b9fcb', 'VW', 'Arteon', 2020, '2024-12-20', 45000, 2, 'Automatic', 7, 4.5, '9b135501-5411-4679-9e33-4398b6ff3f95', '5e4b826b-3477-4c99-b087-9f1a19d1f3f2'),
('8f1a96e2-1b87-40f0-81c7-25c3b9d9f9f2', 'VW', 'Golf R', 2021, '2025-08-30', 32000, 3, 'Automatic', 8, 8.5, '8a6a5b72-3ef7-4a9a-a145-f682bd4698cf', '7d2c947d-4e93-4b43-8e39-5e2fb0e56d2e'),
('1d3c7f8a-cf71-41ab-b7d2-3d6f3c61e3f3', 'VW', 'ID.3', 2024, '2028-01-01', 5000, 1, 'Automatic', 1, 0.0, 'fc7f1081-56c0-4c48-bdbd-5e10f3486f3d', '8b3dca32-7a1d-4cbf-812b-3c5e7f55f7cb'),

('5d1c098c-7d8f-432e-828f-44e28a2c1f5f', 'Toyota', 'Corolla', 2022, '2026-04-30', 20000, 1, 'Automatic', 8, 3.8, '5ae7d48d-0d10-48cf-942b-36d02080e59e', '4b3d2a53-1ab2-4e96-8900-bd38cbfa635f'),
('0e7dc8a5-9b0f-419c-bfb3-6c8f8e0f5f6f', 'Toyota', 'Camry', 2020, '2024-06-15', 50000, 2, 'Automatic', 8, 4.0, '3e3f9c02-d7fa-4bfa-a5bc-682c0ecbd2a5', '9a3eb8e6-d8cb-47f3-8fbc-c2a7a09f5fb4'),
('8b6fca7d-3f2e-4d7c-8a1c-3d4f7c6e3e4e', 'Toyota', 'Yaris', 2021, '2025-02-28', 25000, 1, 'Manual', 6, 4.5, '761aead3-6fa8-44cf-99f7-25d135c9e6a1', 'ae4d9c6f-1944-4d2f-908f-c6b2a1ef5d80'),
('8d6fbb8f-4c7d-43c9-84e2-7c1e6f4c8d7f', 'Toyota', 'Land Cruiser', 2019, '2023-11-25', 70000, 3, 'Automatic', 8, 5.5, '46d84e0c-6e10-4a17-9c8d-21f907a91d26', 'bd59a212-86c6-45bc-8888-3db7e2e5e7af'),
('2b8fcd9e-5f4b-456f-813c-8b2c7d6f4e6d', 'Ford', 'Fiesta', 2023, '2027-07-19', 12000, 1, 'Manual', 6, 5.0, '1c54b92d-9b11-4b2d-b49f-d8a44e4d3282', 'cb67dbb3-1f96-4e41-8a5d-94b3a2b9e8fa'),
('4f1dc99b-8e5f-4d7f-8c2e-1c2d5e4e5e3f', 'Ford', 'Focus', 2021, '2025-10-14', 35000, 2, 'Automatic', 8, 6.2, 'e5a2341a-8c76-4e53-8c9b-06c431c1ef7c', 'df78e3e4-0b4e-4a8d-9d6e-8a4c5bb8d8d7'),
('3e7dca8f-7c4e-4e2f-823e-5d4e8c6e8e5e', 'Ford', 'Kuga', 2022, '2026-03-23', 18000, 1, 'Manual', 6, 5.3, '3e0c7d96-2dd3-4fc5-84b6-4f1a5f5f0455', 'ef82e5f5-2b5d-482e-9f6b-9b5b2b4c2c9f'),
('5c3dcfb8-8f7e-419b-832c-7d8f9e2f4f3f', 'Ford', 'Mustang', 2020, '2024-12-05', 47000, 2, 'Automatic', 10, 10.0, '3af1542e-e7d0-44bb-9238-ea502f5d83e5', 'fa91f8c6-3b6f-4e3f-9b7b-8b7e2b4d2c9b'),
('6f8eab8f-9f3e-4f7e-841c-9c5e3e4d9e6e', 'Ford', 'Mustang Mach-E', 2023, '2027-09-01', 8000, 1, 'Automatic', 1, 0.0, 'ed10e1d8-490e-41ff-81d3-d845ad965231', '0b93e9c7-4b6b-4e3f-8b8b-9b8e3b4d2e9d');

INSERT INTO "Listings"(
    "Id", "CreationDate", "Title", "Description", "Price", "IsSold", "UserId", "VehicleId", "ContactNumber"
) VALUES 
('1b60cb99-f8d8-4d5f-8b77-9c6e30d5d49e', CURRENT_TIMESTAMP, 'VW Golf 2022', 'VW Golf, 2022, Manual, 6-speed, Fuel Efficiency: 5.5 L/100 km', 22000, false, '3b67a3ea-d965-45eb-bb12-6e47426b6c43', 'fa23bc87-4d72-49f1-b24a-b6e28e0c12a5', '1234567891'),
('2d60db99-e3c4-4f5b-8b37-3f2e60d9d56e', CURRENT_TIMESTAMP, 'VW Passat 2021', 'VW Passat, 2021, Automatic, 8-speed, Fuel Efficiency: 6.0 L/100 km', 55000, false, '6cfb5f70-8235-4b8a-8db0-268cbe9d431f', 'fd91ba9d-8c25-4014-8a36-ead362327cc2', '1234567892'),
('3d70db99-f7c8-4e6c-8b6f-2d7e60f9d56f', CURRENT_TIMESTAMP, 'VW Tiguan 2023', 'VW Tiguan, 2023, Manual, 6-speed, Fuel Efficiency: 5.8 L/100 km', 14000, false, 'a4d62d85-b453-4a72-9264-fdbd45697eb4', 'fc0f2a18-fd02-456b-9200-96067ecf07ff', '1234567893'),
('4e80cb99-d8e8-4c5d-8b17-4e6e40f9d57f', CURRENT_TIMESTAMP, 'VW Arteon 2020', 'VW Arteon, 2020, Automatic, 7-speed, Fuel Efficiency: 4.5 L/100 km', 29000, false, 'b5b4d9cf-5cb7-43c1-ae2b-04c65d828d18', 'bf7eb2c8-2784-4118-906b-9b0e9a4b9fcb', '1234567894'),
('5f90cb99-e9e8-4b5d-8c17-5e7f60e9d68f', CURRENT_TIMESTAMP, 'VW Golf R 2021', 'VW Golf R, 2021, Automatic, 8-speed, Fuel Efficiency: 8.5 L/100 km', 6000, false, '8e724bf6-e6b0-41f4-b4ef-8f2061a09887', '8f1a96e2-1b87-40f0-81c7-25c3b9d9f9f2', '1234567895'),
('6fa0cb99-f8d8-4c5d-8b27-6f8f50f9d78e', CURRENT_TIMESTAMP, 'VW ID.3 2024', 'VW ID.3, 2024, Automatic, Electric, 0 L/100 km', 26000, false, '3b67a3ea-d965-45eb-bb12-6e47426b6c43', '1d3c7f8a-cf71-41ab-b7d2-3d6f3c61e3f3', '1234567891'),
('7fb0cb99-f8d8-4c5d-8b17-7f9f70d9d79e', CURRENT_TIMESTAMP, 'Toyota Corolla 2022', 'Toyota Corolla, 2022, Automatic, 8-speed, Fuel Efficiency: 3.8 L/100 km', 46000, false, '6cfb5f70-8235-4b8a-8db0-268cbe9d431f', '5d1c098c-7d8f-432e-828f-44e28a2c1f5f', '1234567892'),
('8fc0cb99-f9e8-4c5d-8b27-8fae80d9d80e', CURRENT_TIMESTAMP, 'Toyota Camry 2020', 'Toyota Camry, 2020, Automatic, 8-speed, Fuel Efficiency: 4.0 L/100 km', 19000, false, 'a4d62d85-b453-4a72-9264-fdbd45697eb4', '0e7dc8a5-9b0f-419c-bfb3-6c8f8e0f5f6f', '1234567893'),
('9fd0cb99-f8e8-4c5d-8b17-9fbf90d9d81e', CURRENT_TIMESTAMP, 'Toyota Yaris 2021', 'Toyota Yaris, 2021, Manual, 6-speed, Fuel Efficiency: 4.5 L/100 km', 13000, false, 'b5b4d9cf-5cb7-43c1-ae2b-04c65d828d18', '8b6fca7d-3f2e-4d7c-8a1c-3d4f7c6e3e4e', '1234567894'),
('af00cb99-f8e8-4c5d-8b17-0f0fa0d9d82e', CURRENT_TIMESTAMP, 'Toyota Land Cruiser 2019', 'Toyota Land Cruiser, 2019, Automatic, 8-speed, Fuel Efficiency: 5.5 L/100 km', 24000, false, '8e724bf6-e6b0-41f4-b4ef-8f2061a09887', '8d6fbb8f-4c7d-43c9-84e2-7c1e6f4c8d7f', '1234567895'),
('bf10cb99-f8d8-4c5d-8b17-1f1fb0d9d83e', CURRENT_TIMESTAMP, 'Ford Fiesta 2023', 'Ford Fiesta, 2023, Manual, 6-speed, Fuel Efficiency: 5.0 L/100 km', 36000, false, '3b67a3ea-d965-45eb-bb12-6e47426b6c43', '2b8fcd9e-5f4b-456f-813c-8b2c7d6f4e6d', '1234567891'),
('cf20cb99-f8e8-4c5d-8b17-2f2fb0d9d84e', CURRENT_TIMESTAMP, 'Ford Focus 2021', 'Ford Focus, 2021, Automatic, 8-speed, Fuel Efficiency: 6.2 L/100 km', 41000, false, '6cfb5f70-8235-4b8a-8db0-268cbe9d431f', '4f1dc99b-8e5f-4d7f-8c2e-1c2d5e4e5e3f', '1234567892'),
('df30cb99-f9e8-4c5d-8b17-3f3fb0d9d85e', CURRENT_TIMESTAMP, 'Ford Kuga 2022', 'Ford Kuga, 2022, Manual, 6-speed, Fuel Efficiency: 5.3 L/100 km', 18000, false, 'a4d62d85-b453-4a72-9264-fdbd45697eb4', '3e7dca8f-7c4e-4e2f-823e-5d4e8c6e8e5e', '1234567893'),
('ef40cb99-f8e8-4c5d-8b17-4f4fe0d9d86e', CURRENT_TIMESTAMP, 'Ford Mustang 2020', 'Ford Mustang, 2020, Automatic, 10-speed, Fuel Efficiency: 10.0 L/100 km', 29000, false, 'b5b4d9cf-5cb7-43c1-ae2b-04c65d828d18', '5c3dcfb8-8f7e-419b-832c-7d8f9e2f4f3f', '1234567894');
